"","Beer","IBU","ABV","State"
"1","Get Together",50,0.045," MN"
"2","Maggie's Leap",26,0.049," MN"
"3","Wall's End",19,0.048," MN"
"4","Pumpion",38,0.06," MN"
"5","Stronghold",25,0.06," MN"
"6","Parapet ESB",47,0.056," MN"
"7","Citra Ass Down",68,0.08," KY"
"8","London Balling",80,0.125," KY"
"9","35 K",25,0.077," KY"
"10","A Beer",42,0.042," KY"
"11","Rules are Rules",25,0.05," KY"
"12","Flesh Gourd'n",21,0.066," KY"
"13","Sho'nuff",13,0.04," KY"
"14","Bloody Show",17,0.055," KY"
"15","Rico Sauvin",68,0.076," KY"
"16","Coq de la Marche",38,0.051," KY"
"17","Pile of Face",65,0.06," KY"
"18","The Brown Note",20,0.05," KY"
"19","House Lager",18,0.052," MA"
"20","Leisure Time",15,0.048," MA"
"21","Excess IPL",80,0.072," MA"
"22","Hoponius Union",65,0.067," MA"
"23","Calyptra",45,0.049," MA"
"24","Habitus (2014)",100,0.08," CA"
"25","Solis",85,0.075," CA"
"26","Jucundus",24,0.06," CA"
"27","Habitus",100,0.08," CA"
"28","Grazias",30,0.063," CA"
"29","Claritas",28,0.058," CA"
"30","Park",19,0.047," CA"
"31","Westfalia",16,0.056," CA"
"32","KSA",17,0.046," CA"
"33","Villager",42,0.063," CA"
"34","Yeti  Imperial Stout",75,0.095," CO"
"35","Peck's Porter",35,0.065," MI"
"36","Dark Star",54,0.08," MI"
"37","Sparkle",12,0.041," MI"
"38","North 45 Amber Ale",25,0.059," MI"
"39","Horny Monk",20,0.069," MI"
"40","Mind's Eye PA",74,0.067," MI"
"41","Nordskye ",47,0.048," MI"
"42","North Third Stout",30,0.06," MI"
"43","51K IPA",51,0.07," MI"
"44","Hotbox Brown",10,0.055," MI"
"45","Gold",15,0.048," MI"
"46","98 Problems (Cuz A Hop Ain't One)",65,0.065," MI"
"47","Veteran’s Pale Ale (VPA)",40,0.05," MI"
"48","Grapefruit IPA",35,0.05," MI"
"49","Train Hopper",72,0.058," MI"
"50","Dirty Bastard",50,0.085," MI"
"51","Centennial IPA",65,0.072," MI"
"52","All Day IPA",42,0.047," MI"
"53","Hinchtown Hammer Down",27,0.05," IN"
"54","Half Cycle IPA",104,0.06," IN"
"55","Cafe Leche",20,0.058," IN"
"56","Damascene Apricot Sour",12,0.052," IN"
"57","Csar",90,0.12," IN"
"58","Overlord Imperial IPA",115,0.085," IN"
"59","Alloy",36,0.058," IN"
"60","Rivet Irish Red Ale",22,0.051," IN"
"61","3 Gear Robust Porter",50,0.052," IN"
"62","Circuit Bohemian Pilsner",35,0.045," IN"
"63","Saucy Intruder",75,0.072," IN"
"64","Thai.p.a",46,0.07," IN"
"65","Citra Faced",64,0.055," IN"
"66","Pole Barn Stout",31,0.055," IN"
"67","Pale",37,0.054," IN"
"68","Yoshi's Nectar",27,0.053," IN"
"69","The Gadget",90,0.064," IN"
"70","Tribute",58,0.058," IN"
"71","Pale Alement",40,0.055," IN"
"72","Hopkick Dropkick",115,0.099," IN"
"73","Joey Wheat",16,0.068," IN"
"74","3:33 Black IPA",86,0.072," IN"
"75","Pale Alement",40,0.055," IN"
"76","Tip Off",29,0.052," IN"
"77","Cowbell",23,0.054," IN"
"78","Hop Up Offa That Brett (2014)",20,0.058," IN"
"79","PV Muckle (2013)",23,0.083," IN"
"80","Bourbon Barrel Batch 666: Sympathy for the Devil",36,0.099," IN"
"81","Whip Fight",30,0.09," IN"
"82","Port Barrel Wee Mac ",23,0.053," IN"
"83","Fistful Of Hops Red",75,0.064," IN"
"84","Fistful of Hops Orange",75,0.063," IN"
"85","Fistful Of Hops Blue",75,0.064," IN"
"86","Fistful of Hops Green",75,0.064," IN"
"87","Wee Muckle",30,0.09," IN"
"88","Royal Brat",55,0.065," IN"
"89","Grapefruit Jungle (GFJ)",77,0.075," IN"
"90","Osiris Pale Ale",50,0.056," IN"
"91","Bourbon Barrel Aged Timmie",75,0.099," IN"
"92","Stupid Sexy Flanders",23,0.063," IN"
"93","Ring of Dingle",27,0.071," IN"
"94","Bourbon Barrel Wee Mac",23,0.054," IN"
"95","Bourbon Barrel Johan",60,0.099," IN"
"96","The Velvet Fog",24,0.09," IN"
"97","Sun King Oktoberfest",23,0.055," IN"
"98","Indianapolis Indians Lager",24,0.052," IN"
"99","Indians Victory Lager (2012)",24,0.052," IN"
"100","Isis",91,0.091," IN"
"101","Wee Muckle (2011)",30,0.09," IN"
"102","Grapefruit Jungle (GFJ) (2011)",77,0.075," IN"
"103","Sun King Oktoberfest (2011)",23,0.055," IN"
"104","Johan the Barleywine",60,0.099," IN"
"105","Wee Mac Scottish-Style Ale",23,0.054," IN"
"106","Sunlight Cream Ale",20,0.053," IN"
"107","Osiris Pale Ale (2010)",50,0.056," IN"
"108","Blonde Czich",23,0.049," IN"
"109","White Reaper",61,0.07," IN"
"110","General George Patton Pilsner",48,0.054," IN"
"111","Citrafest",45,0.05," IN"
"112","Scarecrow",65,0.069," IN"
"113","Ironman",50,0.09," IN"
"114","Honey Kolsch",15,0.046," IN"
"115","Copperhead Amber",18,0.052," IN"
"116","Deduction",22,0.08," IN"
"117","Gone A-Rye",90,0.085," TX"
"118","Dankosaurus",70,0.068," TX"
"119","Scruffy's Smoked Alt",35,0.051," TX"
"120","Elliott's Phoned Home Pale Ale",36,0.051," TX"
"121","The Lawn Ranger",18,0.05," TX"
"122","Sex Panther",20,0.069," AZ"
"123","Winter Warmer (Vault Series)",25,0.095," AZ"
"124","Count Hopula (Vault Series)",99,0.091," AZ"
"125","SunSpot Golden Ale",15,0.05," AZ"
"126","Epicenter Amber Ale",20,0.055," AZ"
"127","SanTan HefeWeizen",15,0.05," AZ"
"128","Hop Shock IPA",85,0.07," AZ"
"129","Sex Panther (2014)",20,0.069," AZ"
"130","Devil’s Ale",45,0.055," AZ"
"131","Mr. Pineapple",20,0.05," AZ"
"132","American Idiot Ale (2012)",45,0.055," AZ"
"133","Hop Shock IPA (2010)",85,0.07," AZ"
"134","SanTan HefeWeizen (2010)",15,0.05," AZ"
"135","Devil’s Ale (2010)",45,0.055," AZ"
"136","Epicenter Amber Ale (2010)",20,0.055," AZ"
"137","Heavy Lifting",80,0.062," MO"
"138","Surfrider",35,0.052," CA"
"139","Grandma's Pecan",34,0.069," CA"
"140","Double Trunk",101,0.099," CA"
"141","Even Keel",40,0.038," CA"
"142","Ballast Point Pale Ale",23,0.052," CA"
"143","Big Eye India Pale Ale",75,0.07," CA"
"144","Sculpin IPA",70,0.07," CA"
"145","Czech Yo Self",45,0.055," CA"
"146","FMB 101",20,0.048," CA"
"147","Avery Joe’s Premium American Pilsner",42,0.047," CO"
"148","White Rascal",10,0.056," CO"
"149","Avery India Pale Ale",69,0.063," CO"
"150","Ellie’s Brown Ale",17,0.055," CO"
"151","Cow Creek",26,0.054," TX"
"152","Chupahopra",63,0.075," TX"
"153","Twisted X",19,0.051," TX"
"154","Vanilla Porter",11,0.07," MI"
"155","Galaxy IPA",60,0.075," IL"
"156","Gose",8,0.046," VT"
"157","Vermont Pilsner",20,0.048," VT"
"158","Jah Mon",100,0.05," PA"
"159","Fist City",40,0.055," IL"
"160","Rosa Hibiscus Ale",15,0.058," IL"
"161","Fistmas Ale",31,0.061," IL"
"162","Oktoberfest Revolution",25,0.057," IL"
"163","Eugene Porter",28,0.068," IL"
"164","Anti-Hero IPA",70,0.065," IL"
"165","Bottom Up Belgian Wit",14,0.05," IL"
"166","Wooden Rooster",34,0.085," KS"
"167","Ginger Peach Saison",20,0.048," KS"
"168","Zombie Monkie",35,0.062," KS"
"169","Wild Plum Farmhouse Ale",20,0.056," KS"
"170","Vanilla Bean Buffalo Sweat",20,0.05," KS"
"171","Ethos IPA",110,0.068," KS"
"172","Tallgrass Pub Ale",12,0.044," KS"
"173","Oasis",93,0.072," KS"
"174","Buffalo Sweat",20,0.05," KS"
"175","Halcyon Unfiltered Wheat",20,0.05," KS"
"176","Halcyon Unfiltered Wheat",20,0.05," KS"
"177","Köld Lager (2010)",16,0.05," KS"
"178","Oasis (2010)",93,0.072," KS"
"179","Tallgrass Ale",22,0.044," KS"
"180","Buffalo Sweat (2010)",20,0.05," KS"
"181","Tallgrass IPA",60,0.063," KS"
"182","4Beans",52,0.1," NY"
"183","Jammer",16,0.042," NY"
"184","Rad",7,0.032," NY"
"185","Bengali",62,0.065," NY"
"186","Sensi Harvest",50,0.047," NY"
"187","Hi-Res",111,0.099," NY"
"188","Global Warmer",70,0.07," NY"
"189","Autumnation (2013)",74,0.067," NY"
"190","The Crisp",42,0.054," NY"
"191","Sweet Action",34,0.052," NY"
"192","Righteous Ale",57,0.063," NY"
"193","Bengali Tiger",62,0.064," NY"
"194","3Beans",85,0.099," NY"
"195","Brownstone",47,0.059," NY"
"196","Apollo",11,0.052," NY"
"197","Harbinger",35,0.049," NY"
"198","Resin",103,0.091," NY"
"199","Diesel",69,0.063," NY"
"200","Autumnation (2011-12) (2011)",48,0.06," NY"
"201","The Crisp (2011)",42,0.054," NY"
"202","Sweet Action (2011)",34,0.052," NY"
"203","Righteous Ale (2011)",57,0.063," NY"
"204","Bengali Tiger (2011)",62,0.064," NY"
"205","Easy Jack",47,0.045," CA"
"206","Union Jack",75,0.075," CA"
"207","805",20,0.047," CA"
"208","Take Two Pils",35,0.055," GA"
"209","Flying Mouse 4",70,0.07," VA"
"210","Lee Hill Series Vol. 2 - Wild Saison",24,0.068," CO"
"211","Lee Hill Series Vol. 3 - Barrel Aged Imperial Stout",51,0.099," CO"
"212","Thai Style White IPA",33,0.065," CO"
"213","Ferus Fluxus Wild Belgian Pale Ale",30,0.075," CO"
"214","Upslope Imperial India Pale Ale",90,0.099," CO"
"215","Upslope Belgian Style Pale Ale",30,0.075," CO"
"216","Top Rope Mexican-style Craft Lager",15,0.048," CO"
"217","Upslope Craft Lager",22,0.048," CO"
"218","Moar",44,0.044," MN"
"219","Nordic Blonde",27,0.057," MN"
"220","Mazzie",45,0.054," IL"
"221","Weissenheimer",16,0.052," IL"
"222","Abbey's Single (2015- )",22,0.049," IL"
"223","Vertex IPA",76,0.063," IL"
"224","Here Gose Nothin'",12,0.05," IL"
"225","Hoperation Overload",85,0.096," IL"
"226","Abbey's Single Ale (Current)",22,0.049," IL"
"227","Make It So",40,0.053," MN"
"228","Hopvale Organic Ale",55,0.047," MN"
"229","Unchained #18 Hop Silo",100,0.083," MN"
"230","Passion Fruit Prussia",11,0.035," MO"
"231","Send Help",18,0.045," MO"
"232","Contact High",28,0.05," MO"
"233","BLAKKR",85,0.099," MN"
"234","Overrated! West Coast Style IPA",69,0.073," MN"
"235","WET",90,0.075," MN"
"236","Bitter Brewer",37,0.04," MN"
"237","SurlyFest",34,0.055," MN"
"238","Coffee Bender",45,0.051," MN"
"239","Bender",45,0.051," MN"
"240","Abrasive Ale",120,0.097," MN"
"241","Hell",20,0.051," MN"
"242","CynicAle",33,0.067," MN"
"243","Furious",99,0.062," MN"
"244","Citra Ass Down",68,0.082," KY"
"245","The Brown Note",20,0.05," KY"
"246","Neomexicanus Native",46,0.06," CO"
"247","Old Soul",25,0.075," CO"
"248","Lava Lake Wit",15,0.052," CO"
"249","Crazy Mountain Amber Ale",25,0.052," CO"
"250","Daft Funk",8,0.043," IL"
"251","OktoberFiesta",27,0.053," TX"
"252","Texicali ",33,0.065," TX"
"253","Bat Outta Helles",20,0.042," TX"
"254","Rye Wit",10,0.042," TX"
"255","Soul Doubt",70,0.059," TX"
"256","Yo Soy Un Berliner",5,0.044," TX"
"257","Bimini Twist",82,0.07," FL"
"258","Farmer's Daughter Blonde",17,0.051," MD"
"259","Pump House IPA",45,0.055," MD"
"260","Vanilla Porter",25,0.047," MD"
"261","Honey Rye",18,0.058," MD"
"262","Long Leaf",75,0.071," NC"
"263","Honey Badger Blonde",19,0.047," NC"
"264","Porter (a/k/a Black Gold Porter)",23,0.06," NC"
"265","Jalapeno Pale Ale",45,0.055," NC"
"266","Double Duckpin",90,0.085," MD"
"267","Old Pro",10,0.042," MD"
"268","Hop A-Peel",115,0.075," MI"
"269","Vanilla Java Porter",12,0.055," MI"
"270","Dirty Blonde Ale",8,0.045," MI"
"271","Grand Circus IPA",62,0.05," MI"
"272","Atwater's Lager",12,0.05," MI"
"273","Wobble",69,0.063," IL"
"274","Night Cat",43,0.058," IL"
"275","Night Cat (2014)",43,0.058," IL"
"276","Dog Days Lager",17,0.051," IL"
"277","Sidekick Extra Pale Ale",36,0.051," IL"
"278","Atom Smasher",23,0.077," IL"
"279","Cane and Ebel",68,0.07," IL"
"280","Harness the Winter",87,0.072," MN"
"281","14° ESB ",32,0.056," MN"
"282","Bent Hop Golden IPA",68,0.062," MN"
"283","Bent Paddle Black Ale",34,0.06," MN"
"284","Venture Pils",38,0.05," MN"
"285","Baby Daddy Session IPA",35,0.047," CA"
"286","Saddle Bronc Brown Ale",16,0.048," WY"
"287","Bomber Mountain Amber Ale",20,0.046," WY"
"288","Totally Radler",21,0.027," OR"
"289","Nonstop Hef Hop",20,0.039," OR"
"290","Nonstop Hef Hop",20,0.039," OR"
"291","Nonstop Hef Hop",20,0.039," OR"
"292","Nonstop Hef Hop",20,0.039," OR"
"293","Nonstop Hef Hop",20,0.039," OR"
"294","Nonstop Hef Hop",20,0.039," OR"
"295","Nonstop Hef Hop",20,0.039," OR"
"296","Nonstop Hef Hop",20,0.039," OR"
"297","Nonstop Hef Hop",20,0.039," OR"
"298","Nonstop Hef Hop",20,0.039," OR"
"299","Nonstop Hef Hop",20,0.039," OR"
"300","Nonstop Hef Hop",20,0.039," OR"
"301","Rise Up Red",60,0.058," OR"
"302","Survival Stout",35,0.058," OR"
"303","Hopworks IPA",75,0.066," OR"
"304","Abominable Winter Ale",70,0.073," OR"
"305","Pigwar White India Pale Ale",60,0.06," OR"
"306","Rise-Up Red (2014)",60,0.058," OR"
"307","Abominable Winter Ale (2012)",70,0.073," OR"
"308","HUB Lager",32,0.051," OR"
"309","Hopworks IPA (2012)",75,0.066," OR"
"310","Slow Ride",40,0.045," CO"
"311","Ranger IPA",70,0.065," CO"
"312","Shift",29,0.05," CO"
"313","1554 Black Lager",21,0.056," CO"
"314","Fat Tire Amber Ale",18,0.052," CO"
"315","Shift (1)",29,0.05," CO"
"316","Fat Tire Amber Ale (2011)",18,0.052," CO"
"317","Shift",29,0.05," CO"
"318","Ranger IPA",70,0.065," CO"
"319","Fat Tire Amber Ale",18,0.052," CO"
"320","Ranger IPA (Current)",70,0.065," CO"
"321","Fat Tire Amber Ale (2008)",18,0.052," CO"
"322","Torpedo",65,0.072," CA"
"323","Sierra Nevada Pale Ale",37,0.056," CA"
"324","Old Chico Crystal Wheat",26,0.048," CA"
"325","Summerfest",28,0.05," CA"
"326","Torpedo",65,0.072," CA"
"327","Sierra Nevada Pale Ale",37,0.056," CA"
"328","Captain's Daughter",69,0.085," RI"
"329","India Pale Ale",65,0.063," MO"
"330","Blackberry Wheat",11,0.048," MO"
"331","312 Urban Pale Ale",30,0.054," IL"
"332","312 Urban Pale Ale",30,0.054," IL"
"333","312 Urban Wheat Ale",18,0.042," IL"
"334","312 Urban Wheat Ale",18,0.042," IL"
"335","312 Urban Wheat Ale (2012)",20,0.042," IL"
"336","Sol Drifter",18,0.043," OH"
"337","The Great Pumpcan",18,0.079," OH"
"338","LIFT",11,0.047," OH"
"339","SPRYE",40,0.05," OH"
"340","Psychopathy",70,0.069," OH"
"341","Gnarly Brown",32,0.07," OH"
"342","Happy Amber",30,0.06," OH"
"343","Hustle",42,0.057," OH"
"344","Pure Fury",42,0.055," OH"
"345","Dad",60,0.06," OH"
"346","Panther",35,0.058," OH"
"347","Franz",21,0.052," OH"
"348","Zen",45,0.043," OH"
"349","Truth",75,0.072," OH"
"350","Cougar",25,0.048," OH"
"351","Self Starter",67,0.052," OH"
"352","Ermal's",20,0.054," OH"
"353","Nugget Nectar",93,0.075," PA"
"354","Sunshine Pils",45,0.045," PA"
"355","Troegenator Doublebock",25,0.082," PA"
"356","Perpetual IPA",85,0.075," PA"
"357","Mission IPA",66,0.068," CA"
"358","El Conquistador Extra Pale Ale",44,0.048," CA"
"359","Shipwrecked Double IPA",75,0.092," CA"
"360","Bay of Bengal Double IPA (2014)",126,0.089," OH"
"361","Rhode Island Blueberry",11,0.046," RI"
"362","Newport Storm IPA",75,0.065," RI"
"363","Hurricane Amber Ale (2004)",24,0.052," RI"
"364","Hurricane Amber Ale",24,0.052," RI"
"365","King Street IPA",70,0.06," AK"
"366","King Street Hefeweizen",10,0.057," AK"
"367","Watermelon Ale",10,0.05," MA"
"368","Fenway American Pale Ale",45,0.058," MA"
"369","Back Bay IPA",85,0.068," MA"
"370","Bunker Hill Blueberry Ale ",16,0.048," MA"
"371","Peach Pale Ale",40,0.057," CO"
"372","Suncaster Summer Wheat",28,0.05," OH"
"373","Brass Knuckle Pale Ale",36,0.057," OH"
"374","Big Star White IPA",70,0.07," OH"
"375","Clean Shave IPA",70,0.067," ME"
"376","Firestarter India Pale Ale",72,0.066," CO"
"377","Kilt Dropper Scotch Ale",22,0.075," CO"
"378","Wood Splitter Pilsner",30,0.048," CO"
"379","Gyptoberfest",26,0.056," CO"
"380","Farmer Wirtz India Pale Ale",94,0.07," CO"
"381","Screaming Eagle Special Ale ESB",38,0.048," CO"
"382","Kindler Pale Ale",45,0.053," CO"
"383","Firestarter India Pale Ale",72,0.066," CO"
"384","Watermelon Ale",11,0.051," CT"
"385","4000 Footer IPA",82,0.065," NH"
"386","Summer Brew",15,0.028," NH"
"387","Consilium",40,0.05," CO"
"388","Hammer & Sickle",60,0.09," CO"
"389","Redacted Rye IPA",100,0.07," CO"
"390","Elevation Triple India Pale Ale",100,0.099," CO"
"391","5:00 O'Clock Afternoon Ale",25,0.05," CO"
"392","Ryeteous Rye IPA (2012)",100,0.07," CO"
"393","Cali Creamin'",21,0.052," CA"
"394","Deception",16,0.045," CA"
"395","Blackmarket Rye IPA",35,0.075," CA"
"396","Black Market Hefeweizen",8,0.05," CA"
"397","Aftermath Pale Ale",44,0.058," CA"
"398","Rule G IPA",88,0.07," VA"
"399","Murphy's Law",35,0.058," VA"
"400","Alter Ego ",33,0.062," VA"
"401","Hop in the ‘Pool Helles",22,0.049," OR"
"402","Ultra Gnar Gnar IPA",60,0.067," OR"
"403","In-Tents India Pale Lager",62,0.068," OR"
"404","Lost Meridian Wit",20,0.05," OR"
"405","Celestial Meridian Cascadian Dark Lager",45,0.051," OR"
"406","P-Town Pilsner",20,0.04," OR"
"407","Klickitat Pale Ale",36,0.053," OR"
"408","Yellow Wolf Imperial IPA",103,0.082," OR"
"409","Pine Belt Pale Ale",45,0.065," TX"
"410","Le Mort Vivant",23,0.069," TX"
"411","Red Cockaded Ale",110,0.085," TX"
"412","Valkyrie Double IPA",100,0.092," TX"
"413","Red Cockaded Ale (2013)",110,0.085," TX"
"414","Old Potentate",40,0.072," TX"
"415","Bombshell Blonde",20,0.05," TX"
"416","PRO-AM (2012) (2012)",100,0.099," TX"
"417","Le Mort Vivant (2011)",23,0.069," TX"
"418","Buried Hatchet Stout",50,0.083," TX"
"419","Pine Belt Pale Ale",45,0.065," TX"
"420","Bombshell Blonde",20,0.05," TX"
"421","Third Eye Enlightened Pale Ale",65,0.065," CO"
"422","Colorado Kölsch",17,0.049," CO"
"423","Steam Engine Lager",25,0.057," CO"
"424","Third Eye Pale Ale",65,0.065," CO"
"425","Laka Laka Pineapple",17,0.051," WI"
"426","IPA #11",58,0.057," MI"
"427","Blood Orange Honey",10,0.057," MI"
"428","Main St. Virginia Ale",40,0.05," VA"
"429","Chin Music Amber Lager",24,0.045," VA"
"430","Main St. Virginia Ale",40,0.05," VA"
"431","Ray Ray’s Pale Ale",42,0.052," VA"
"432","Mr. Blue Sky",6,0.045," MI"
"433","Screamin’ Pumpkin",25,0.05," MI"
"434","Grand Trunk Bohemian Pils",35,0.05," MI"
"435","El Rojo",25,0.065," MI"
"436","Grind Line",35,0.05," MI"
"437","Norm's Gateway IPA",55,0.04," MI"
"438","Weisse Versa (2012)",16,0.052," TX"
"439","Mother in Lager",25,0.058," TX"
"440","Weekend Warrior Pale Ale",40,0.055," TX"
"441","Karbachtoberfest",25,0.055," TX"
"442","Love Street Summer Seasonal (2014)",20,0.047," TX"
"443","Barn Burner Saison",20,0.066," TX"
"444","Rodeo Clown Double IPA",85,0.095," TX"
"445","Sympathy for the Lager",45,0.049," TX"
"446","Weisse Versa",15,0.052," TX"
"447","Hopadillo India Pale Ale",70,0.066," TX"
"448","The Green Room",75,0.06," TX"
"449","Humbucker Helles",25,0.047," TX"
"450","Oak Cliff Coffee Ale",33,0.075," TX"
"451","Dream Crusher Double IPA",100,0.085," TX"
"452","Farmhouse Wit",25,0.048," TX"
"453","Dallas Blonde",23,0.052," TX"
"454","Deep Ellum IPA",70,0.07," TX"
"455","18th Anniversary Gose",5,0.044," TX"
"456","White (2015)",25,0.046," TX"
"457","BLAKKR",85,0.099," TX"
"458","Firemans #4 Blonde Ale (2013)",21,0.051," TX"
"459","Hans' Pils (2015)",52,0.053," TX"
"460","Four Squared (2015)",50,0.06," TX"
"461","Firemans #4 Blonde Ale (2015)",21,0.051," TX"
"462","American Lager",8,0.041," PA"
"463","American Amber",8,0.041," PA"
"464","American Light",13,0.032," PA"
"465","Point Special (Current)",9,0.047," WI"
"466","Point Special",9,0.047," WI"
"467","Point Cascade Pale Ale (2013)",33,0.054," WI"
"468","Point Special",9,0.047," WI"
"469","Onyx Black Ale",9,0.052," WI"
"470","Beyond The Pale IPA",64,0.063," WI"
"471","Point Special (2013)",9,0.047," WI"
"472","Point Special (2012)",9,0.047," WI"
"473","Point Special Lager",9,0.047," WI"
"474","Point Oktoberfest",15,0.057," WI"
"475","Point Nude Beach Summer Wheat",7,0.052," WI"
"476","Point Nude Beach Summer Wheat",7,0.05," WI"
"477","Point Nude Beach Summer Wheat (2011)",7,0.05," WI"
"478","Three Kings Ale",13,0.049," WI"
"479","Point Oktoberfest",15,0.057," WI"
"480","2012 Black Ale",32,0.054," WI"
"481","Point Nude Beach Summer Wheat (2010)",7,0.05," WI"
"482","Point Cascade Pale Ale",33,0.054," WI"
"483","Point Amber Classic",14,0.047," WI"
"484","Point Special Lager",9,0.047," WI"
"485","O’Malley’s IPA",89,0.075," MO"
"486","L'il Lucy's Hot Pepper Ale",28,0.049," MO"
"487","2014 IPA Cicada Series",72,0.075," MS"
"488","Sinister Minister Black IPA",65,0.077," MS"
"489","Jack the Sipper",45,0.053," MS"
"490","Devil's Harvest Extra Pale Ale",60,0.058," MS"
"491","Suzy B Dirty Blonde Ale",20,0.05," MS"
"492","Mississippi Fire Ant",80,0.08," MS"
"493","Hipster Breakfast",40,0.058," MS"
"494","Suzy B Dirty Blonde Ale",20,0.05," MS"
"495","Devil's Harvest Extra Pale Ale",60,0.058," MS"
"496","Morning Wood Wheat (Current)",14,0.059," CO"
"497","Hideout Helles",17,0.069," CO"
"498","Dead Eye Dunkel",15,0.06," CO"
"499","Peacemaker Pilsner",21,0.058," CO"
"500","Over the Rail Pale Ale",68,0.057," CO"
"501","Pallavicini Pilsner (2009)",21,0.058," CO"
"502","Morning Wood Wheat (Current)",14,0.059," CO"
"503","Extra Pale Ale",49,0.053," MN"
"504","Oklahoma Suks",32,0.048," TX"
"505","Power & Light",42,0.055," TX"
"506","White Rabbit ",27,0.059," TX"
"507","Cubano Espresso",25,0.055," FL"
"508","Operation Homefront",65,0.062," FL"
"509","Wandering Pelican",65,0.082," FL"
"510","Hopped on the High Seas (Hop #529)",60,0.07," FL"
"511","Hopped on the High Seas (Calypso)",60,0.07," FL"
"512","Dry-Hopped On The High Seas Caribbean-Style IPA",60,0.07," FL"
"513","Hopped on the High Seas (Citra)",60,0.07," FL"
"514","Hopped on the High Seas (Ahtanum)",60,0.07," FL"
"515","Humidor Series India Pale Ale",70,0.075," FL"
"516","Jai Alai IPA Aged on White Oak",70,0.075," FL"
"517","José Martí American Porter",65,0.08," FL"
"518","Maduro Brown Ale",25,0.055," FL"
"519","Maduro Brown Ale",25,0.055," FL"
"520","Tocobaga Red Ale",75,0.072," FL"
"521","Jai Alai IPA",70,0.075," FL"
"522","Florida Cracker Belgian Wit",18,0.05," FL"
"523","Hunny Do Wheat",18,0.048," MN"
"524","Gansett Light",10,0.037," RI"
"525","Bohemian Pils",30,0.052," RI"
"526","Autocrat Coffee Milk Stout",30,0.053," RI"
"527","Narragansett Bohemian Pilsner",35,0.086," RI"
"528","Narragansett Summer Ale",24,0.042," RI"
"529","Narragansett Cream Ale",22,0.05," RI"
"530","Narragansett Summer Ale",24,0.042," RI"
"531","Narragansett Porter",22,0.07," RI"
"532","Narragansett Bock",32,0.065," RI"
"533","Narragansett Fest Lager",15,0.055," RI"
"534","Little Red Cap",43,0.063," CO"
"535","Perpetual Darkness",72,0.092," CO"
"536","Clan Warrior",29,0.087," CO"
"537","Psycho Penguin Vanilla Porter",36,0.054," CO"
"538","Peacemaker Pale Ale",47,0.057," NC"
"539","Shotgun Betty",11,0.058," NC"
"540","Sweet Josie",30,0.061," NC"
"541","Watershed IPA",70,0.067," OR"
"542","Oakshire Amber Ale",24,0.054," OR"
"543","Overcast Espresso Stout",27,0.058," OR"
"544","Watershed IPA (2013)",70,0.067," OR"
"545","Juke Joint IPA",60,0.07," LA"
"546","Parade Ground Coffee Porter",35,0.07," LA"
"547","Tin Roof Watermelon Wheat",21,0.05," LA"
"548","Tin Roof Blonde Ale",18,0.045," LA"
"549","Voodoo Bengal Pale Ale",37,0.055," LA"
"550","Perfect Tin Amber",28,0.045," LA"
"551","Knotty Blonde Ale",18,0.04," OR"
"552","Fivepine Chocolate Porter",40,0.062," OR"
"553","Hoodoo Voodoo IPA",82,0.062," OR"
"554","Hopportunity Knocks IPA",100,0.068," OR"
"555","Caldera Pale Ale",55,0.056," OR"
"556","Lawnmower Lager",16,0.039," OR"
"557","Ashland Amber Ale (2009)",24,0.054," OR"
"558","Caldera IPA (2009)",94,0.061," OR"
"559","Caldera IPA (2007)",94,0.061," OR"
"560","Caldera Pale Ale (2010)",55,0.056," OR"
"561","Caldera Pale Ale (2009)",55,0.056," OR"
"562","Caldera Pale Ale (2005)",55,0.056," OR"
"563","Caldera Pale Ale (2007)",55,0.056," OR"
"564","Caldera Pale Ale (2011)",55,0.056," OR"
"565","Ashland Amber Ale",24,0.054," OR"
"566","Caldera IPA",94,0.061," OR"
"567","Wild Trail Pale Ale",44,0.057," WV"
"568","Mothman Black IPA",71,0.067," WV"
"569","Camelback",60,0.061," AZ"
"570","Lumberyard Pilsner",20,0.053," AZ"
"571","PUNK'N",10,0.05," UT"
"572","Yard Sale Winter Lager",22,0.04," UT"
"573","Trader Session IPA",42,0.04," UT"
"574","Hop Nosh IPA",83,0.073," UT"
"575","SUM'R",17,0.04," UT"
"576","Organic Baba Black Lager",32,0.04," UT"
"577","Hop Notch IPA (2013)",82,0.073," UT"
"578","Cutthroat Pale Ale",34,0.04," UT"
"579","WYLD Extra Pale Ale",29,0.04," UT"
"580","Sunbru Kölsch",17,0.052," AZ"
"581","Kilt Lifter Scottish-Style Ale",21,0.06," AZ"
"582","Four Peaks Peach Ale",9,0.042," AZ"
"583","Hop Knot IPA",47,0.067," AZ"
"584","Kilt Lifter Scottish-Style Ale (2009)",21,0.06," AZ"
"585","River House",20,0.05," TX"
"586","Pretzel Stout",47,0.065," TX"
"587","Rubberneck Red",35,0.05," TX"
"588","Homefront IPA",70,0.06," PA"
"589","Sundown",36,0.071," PA"
"590","Original Slacker Ale",40,0.056," PA"
"591","Dog Days Summer Ale",28,0.045," PA"
"592","Beer Agent Re-Ignition",22,0.053," IN"
"593","Cherry Ale",18,0.057," IN"
"594","Bourbon Barrel Aged Coconut Porter",33,0.056," IN"
"595","Great Crescent IPA",60,0.062," IN"
"596","Aurora Lager",27,0.057," IN"
"597","Great Crescent Blonde Ale",22,0.053," IN"
"598","Great Crescent Coconut Porter",33,0.056," IN"
"599","Great Crescent Oktoberfest Lager",25,0.057," IN"
"600","Great Crescent Brown Ale",36,0.045," IN"
"601","Cherry Ale (1)",18,0.057," IN"
"602","Aurora Lager (2011)",27,0.057," IN"
"603","Frosted Fields Winter Wheat",25,0.06," IN"
"604","Great Crescent Belgian Style Wit",13,0.051," IN"
"605","Bourbon's Barrel Stout",65,0.075," IN"
"606","Great Crescent Stout",66,0.08," IN"
"607","Great Crescent Coconut Porter (2012)",33,0.056," IN"
"608","Great Crescent Dark Lager",23,0.057," IN"
"609","Great Crescent Mild Ale",26,0.042," IN"
"610","Great Crescent IPA (2011)",60,0.062," IN"
"611","Great Crescent Blonde Ale (2011)",22,0.053," IN"
"612","Pinner Throwback IPA",35,0.049," CO"
"613","Dale's Pale Ale",65,0.065," CO"
"614","Dale's Pale Ale",65,0.065," CO"
"615","Mama's Little Yella Pils",35,0.053," CO"
"616","Dale's Pale Ale",65,0.065," CO"
"617","Dale's Pale Ale (10 Year Anniversary)",65,0.065," CO"
"618","Dale's Pale Ale (2012)",65,0.065," CO"
"619","Gordon Imperial Red (2010)",85,0.087," CO"
"620","Dale's Pale Ale (2011)",65,0.065," CO"
"621","Dale's Pale Ale (2010)",65,0.065," CO"
"622","G'KNIGHT (16 oz.)",85,0.087," CO"
"623","HGH (Home Grown Hops): Part Duh",70,0.08," CO"
"624","One Hit Wonder",60,0.09," CO"
"625","G'KNIGHT (12 oz.)",85,0.087," CO"
"626","Ten Fidy Imperial Stout",98,0.099," CO"
"627","Mama's Little Yella Pils",35,0.053," CO"
"628","GUBNA Imperial IPA",100,0.099," CO"
"629","Old Chub",35,0.08," CO"
"630","Gordon Ale (2009)",85,0.087," CO"
"631","Dale's Pale Ale",65,0.065," CO"
"632","The Golden One",21,0.063," CO"
"633","The Power of Zeus",68,0.07," CO"
"634","Aviator Raspberry Blonde",25,0.049," ID"
"635","Little Sister India Style Session Ale",60,0.043," WA"
"636","Country Boy IPA",80,0.062," WA"
"637","Barney Flats Oatmeal Stout",13,0.057," CA"
"638","Summer Solstice",4,0.056," CA"
"639","Hop Ottin' IPA",80,0.07," CA"
"640","Boont Amber Ale",15,0.058," CA"
"641","Barney Flats Oatmeal Stout",13,0.057," CA"
"642","El Steinber Dark Lager",25,0.055," CA"
"643","Boont Amber Ale (2010)",15,0.058," CA"
"644","Summer Solstice Cerveza Crema (2009)",4,0.056," CA"
"645","Barney Flats Oatmeal Stout (2012)",13,0.057," CA"
"646","Winter Solstice",6,0.069," CA"
"647","Hop Ottin' IPA (2011)",80,0.07," CA"
"648","Boont Amber Ale (2011)",15,0.058," CA"
"649","Summer Solstice (2011)",4,0.056," CA"
"650","Poleeko Gold Pale Ale (2009)",28,0.055," CA"
"651","Second Fiddle",80,0.082," VT"
"652","Hodad Porter",30,0.055," VT"
"653","Pride of Texas Pale Ale",60,0.058," TX"
"654","Bitter Bitch",60,0.061," IN"
"655","Santa's Secret",22,0.059," NC"
"656","Salamander Slam",73,0.07," NC"
"657","Blonde Hunny",21,0.068," VA"
"658","Wild Wolf Wee Heavy Scottish Style Ale",20,0.057," VA"
"659","Wild Wolf American Pilsner",25,0.045," VA"
"660","Alpha Ale",45,0.051," VA"
"661","Horny Toad Cerveza",25,0.053," OK"
"662","Native Amber",35,0.063," OK"
"663","F5 IPA",100,0.068," OK"
"664","Native Amber (2013)",35,0.063," OK"
"665","Horny Toad Cerveza (2013)",25,0.053," OK"
"666","Seventh Son of a Seventh Son",40,0.077," OH"
"667","Stone Fort Brown Ale",20,0.053," OH"
"668","Seventh Son Hopped Red Ale",40,0.077," OH"
"669","Humulus Nimbus Super Pale Ale",53,0.06," OH"
"670","Golden Ratio IPA",68,0.07," OH"
"671","Lake Monster",25,0.082," TX"
"672","London Homesick Ale",27,0.049," TX"
"673","Luchesa Lager",35,0.048," TX"
"674","Slow Ride",35,0.048," TX"
"675","Lobo Lito",12,0.04," TX"
"676","Robert Earl Keen Honey Pils",17,0.05," TX"
"677","Towhead",21,0.052," MO"
"678","Lil' Helper",70,0.07," MO"
"679","Day Hike Session",41,0.041," WA"
"680","Trailhead ISA",48,0.048," WA"
"681","Immersion Amber",27,0.052," WA"
"682","Evo IPA",70,0.062," WA"
"683","Evolutionary IPA (2012)",70,0.062," WA"
"684","Persnickety Pale",36,0.057," WA"
"685","SoDo Brown Ale",20,0.054," WA"
"686","Immersion Amber Ale (2011)",27,0.052," WA"
"687","Evolutionary IPA (2011)",70,0.062," WA"
"688","Trailhead India Style Session Ale (2011)",48,0.048," WA"
"689","Snow King Pale Ale",55,0.06," WY"
"690","Zonker Stout",36,0.054," WY"
"691","OB-1 Organic Ale",22,0.05," WY"
"692","Snake River Lager",18,0.05," WY"
"693","Snake River Pale Ale",32,0.052," WY"
"694","Pako’s EyePA",60,0.068," WY"
"695","Dark Voyage Black IPA (2013)",80,0.065," WI"
"696","Wisconsin Amber",28,0.052," WI"
"697","Lake House",18,0.046," WI"
"698","Ghost Ship White IPA",55,0.056," WI"
"699","Lake House",18,0.046," WI"
"700","Mutiny IPA",70,0.062," WI"
"701","Mountain Rescue Pale Ale",40,0.055," OR"
"702","Goose Island India Pale Ale",55,0.059," IL"
"703","Couch Select Lager",14,0.05," OR"
"704","Double D Blonde",20,0.049," OR"
"705","Festeroo Winter Ale",60,0.078," OR"
"706","Proxima IPA",70,0.063," OR"
"707","Double D Blonde (2013)",20,0.049," OR"
"708","541 American Lager",13,0.048," OR"
"709","Alphadelic IPA",90,0.065," OR"
"710","Alphadelic IPA (2011)",90,0.065," OR"
"711","Double D Blonde (2011)",20,0.049," OR"
"712","Worthy IPA",69,0.069," OR"
"713","Easy Day Kolsch",25,0.045," OR"
"714","Lights Out Vanilla Cream Extra Stout",30,0.077," OR"
"715","Worthy IPA (2013)",69,0.069," OR"
"716","Worthy Pale",50,0.06," OR"
"717","Loki Red Ale",53,0.075," OR"
"718","Loki Red Ale (2013)",53,0.075," OR"
"719","Campside Session IPA",50,0.045," IN"
"720","Upland Wheat Ale",15,0.045," IN"
"721","Tsunami IPA",75,0.072," HI"
"722","Tsunami IPA",75,0.072," HI"
"723","Humpback Blonde Ale",22,0.042," HI"
"724","Hawaiian Crow Porter",27,0.052," HI"
"725","Volcano Red Ale",23,0.052," HI"
"726","Mauna Kea Pale Ale",42,0.054," HI"
"727","Mound Builder IPA",77,0.065," IN"
"728","Amazon Princess IPA",62,0.062," IN"
"729","Vortex IPA",97,0.074," OR"
"730","Evil Owl",40,0.052," TX"
"731","Lewbricator Wheat Dopplebock ",24,0.075," IA"
"732","City of the Sun",85,0.075," CA"
"733","Booming Rollers",75,0.068," CA"
"734","Oneida",50,0.052," CA"
"735","Aurora ",75,0.067," CA"
"736","Lomaland",30,0.055," CA"
"737","Fortunate Islands",46,0.047," CA"
"738","Black House",40,0.058," CA"
"739","Blazing World",115,0.065," CA"
"740","#002 American I.P.A.",60,0.071," WI"
"741","#004 Session I.P.A.",38,0.048," WI"
"742","Monarch Classic American Wheat",21,0.043," TX"
"743","Sir William's English Brown Ale",21,0.049," TX"
"744","Lakefire Rye Pale Ale",35,0.055," TX"
"745","1836",40,0.06," TX"
"746","Summer's Wit",20,0.06," TX"
"747","More Cowbell",118,0.09," TX"
"748","First Stand",35,0.055," TX"
"749","Battle LIne",23,0.063," TX"
"750","Broken Bridge",12,0.056," TX"
"751","Brutus",69,0.071," TX"
"752","What the Butler Saw",18,0.05," NJ"
"753","1916 Shore Shiver",65,0.069," NJ"
"754","Laughing Dog Cream Ale",12,0.05," ID"
"755","Two-One Niner",9,0.048," ID"
"756","Laughing Dog IPA",66,0.064," ID"
"757","Plum St. Porter",52,0.06," MT"
"758","Plum St. Porter",52,0.057," MT"
"759","Bozone HopZone IPA",80,0.07," MT"
"760","Bozone Hefe Weizen",25,0.06," MT"
"761","Aprè Shred",17,0.081," CO"
"762","Hemlock Double IPA",104,0.095," CO"
"763","Disconnected Red",85,0.067," CO"
"764","Arcus IPA",81,0.069," FL"
"765","Wavemaker",38,0.058," FL"
"766","Epitome",100,0.099," NJ"
"767","Monkey Chased the Weasel",9,0.039," NJ"
"768","077XX",80,0.078," NJ"
"769","Boat Beer",35,0.042," NJ"
"770","Pleasure Town",61,0.063," AK"
"771","Pleasure Town IPA",61,0.063," AK"
"772","Snowshoe White Ale",12,0.048," AK"
"773","Kodiak Brown Ale",24,0.05," AK"
"774","Sockeye Red IPA",70,0.057," AK"
"775","Trail Head",55,0.063," OH"
"776","Hop Stalker Fresh Hop IPA",80,0.07," OH"
"777","Blood Orange Wit",16,0.05," CA"
"778","8 Barrel",69,0.08," NY"
"779","Oktoberfest",40,0.055," NY"
"780","The Tradition",15,0.05," DC"
"781","El Hefe Speaks",11,0.053," DC"
"782","On the Wings of Armageddon",115,0.092," DC"
"783","The Corruption",80,0.065," DC"
"784","No Wake IPA",50,0.072," WI"
"785","Boathouse Blonde",15,0.049," WI"
"786","Cedar Point",26,0.05," WI"
"787","Imperial Pumpkin Stout",43,0.099," MA"
"788","Dead-Eye DIPA",130,0.09," MA"
"789","Fisherman's IPA",64,0.055," MA"
"790","Fisherman's Pils",35,0.054," MA"
"791","Fisherman's Brew",30,0.055," MA"
"792","Noche Dulce",16,0.071," AZ"
"793","Weize Guy",15,0.05," NV"
"794","Fox Tail Gluten Free Ale",50,0.05," NV"
"795","Hop Box Imperial IPA",90,0.093," NV"
"796","Joseph James American Lager",15,0.052," NV"
"797","UFO Gingerland",15,0.052," MA"
"798","The Long Thaw White IPA",45,0.062," MA"
"799","Harpoon Summer Beer",28,0.05," MA"
"800","Harpoon IPA",42,0.059," MA"
"801","UFO Pumpkin",20,0.059," MA"
"802","Harpoon Octoberfest",30,0.055," MA"
"803","Harpoon IPA (2012)",42,0.059," MA"
"804","Harpoon Summer Beer (2012)",28,0.05," MA"
"805","UFO White",10,0.048," MA"
"806","Harpoon Summer Beer (2010)",28,0.05," MA"
"807","Harpoon IPA (2010)",42,0.059," MA"
"808","Black Me Stout",45,0.06," VA"
"809","Killer Kolsch",22,0.05," VA"
"810","Missile IPA",65,0.07," VA"
"811","Bravo Four Point",45,0.044," VA"
"812","Striped Bass Pale Ale",26,0.052," VA"
"813","Cream Ale",35,0.042," NY"
"814","Ananda India Pale Ale",61,0.062," TN"
"815","Tiny Bomb",23,0.045," TN"
"816","Might As Well IPL",75,0.072," CA"
"817","Saison Pamplemousse",35,0.058," CA"
"818","2020 IPA",74,0.074," CA"
"819","Wolf Among Weeds IPA",70,0.08," CA"
"820","Better Weather IPA",92,0.094," CA"
"821","Point the Way IPA",60,0.059," CA"
"822","Golden Road Hefeweizen",15,0.046," CA"
"823","Heal the Bay IPA",65,0.068," CA"
"824","Point the Way IPA",60,0.059," CA"
"825","Get Up Offa That Brown",20,0.055," CA"
"826","Burning Bush Smoked IPA",70,0.08," CA"
"827","Wolf Among Weeds IPA (2012)",70,0.08," CA"
"828","Point the Way IPA (2012)",60,0.059," CA"
"829","Golden Road Hefeweizen (2012)",15,0.046," CA"
"830","Skylight",20,0.056," TX"
"831","Kadigan",30,0.056," TX"
"832","Dammit Jim!",50,0.052," TX"
"833","Infamous IPA",75,0.07," TX"
"834","Hijack",20,0.055," TX"
"835","Getaway",30,0.052," MN"
"836","Farm Girl Saison",30,0.06," MN"
"837","Pub Ale",18,0.038," MS"
"838","Ballistic Blonde",31,0.051," MS"
"839","Golden Fleece",35,0.045," SC"
"840","Smoking Mirror",30,0.055," SC"
"841","Tropicalia",65,0.065," GA"
"842","Pursuit",40,0.07," CT"
"843","Half Full Bright Ale",18,0.052," CT"
"844","Ale Cider",8,0.065," IN"
"845","Pail Ale",30,0.055," IN"
"846","Barrio Blanco",60,0.06," AZ"
"847","Giant DIPA",88,0.089," CA"
"848","Batch 69 IPA",69,0.069," MI"
"849","Twisted Helles Summer Lager",18,0.055," MI"
"850","Sobek & Set",80,0.08," IL"
"851","Wet Hot American Wheat Ale",22,0.05," IL"
"852","Fascist Pig Ale",72,0.08," IL"
"853","LuckenBock",18,0.07," TX"
"854","Texas Pale Ale (TPA)",40,0.055," TX"
"855","Kol' Beer",22,0.05," TX"
"856","Wagon Party",55,0.054," MN"
"857","Sky-Five",70,0.067," MN"
"858","Stargrazer",28,0.05," MN"
"859","Wonderstuff",48,0.054," MN"
"860","Ozark American Pale Ale",39,0.04," AR"
"861","Overgrown American Pale Ale",55,0.055," VT"
"862","Modus Hoperandi",65,0.068," CO"
"863","Estival Cream Stout",15,0.058," CO"
"864","Mexican Logger",18,0.042," CO"
"865","ESB Special Ale",58,0.057," CO"
"866","Modus Hoperandi",65,0.068," CO"
"867","Almanac IPA",72,0.062," NM"
"868","Farmer's Tan Red Ale",30,0.06," NM"
"869","Summer Session Ale",61,0.05," ME"
"870","Cape Cod Red",35,0.055," MA"
"871","Beach Blonde",10,0.049," MA"
"872","Long Trail IPA",42,0.059," VT"
"873","Long Trail Ale",30,0.046," VT"
"874","Double Bag",33,0.072," VT"
"875","Blackbeary Wheat",8,0.04," VT"
"876","Long Trail Ale (1)",30,0.046," VT"
"877","Commotion APA",49,0.052," LA"
"878","Freeride APA",40,0.053," AK"
"879","Alaskan Amber",18,0.053," AK"
"880","Heady Topper",120,0.08," VT"
"881","Heady Topper",120,0.08," VT"
"882","Hydraulion Red",22,0.053," VA"
"883","40 Mile IPA",50,0.06," VA"
"884","Fresh Slice White IPA",45,0.055," VT"
"885","Montauk Summer Ale",28,0.056," NY"
"886","Driftwood Ale",49,0.06," NY"
"887","Let It Ride IPA",90,0.068," MN"
"888","Stir Crazy Winter Ale",22,0.065," MN"
"889","Sweet Yamma Jamma Ale",10,0.05," MN"
"890","Shenanigans Summer Ale",27,0.046," MN"
"891","Midnight Ryder",80,0.065," MN"
"892","Day Tripper Pale Ale",45,0.054," MN"
"893","Lost Sailor IPA",40,0.055," MA"
"894","Steel Rail Extra Pale Ale",20,0.053," MA"
"895","Groupe G",65,0.076," CA"
"896","Pt. Bonita Rustic Lager",40,0.062," CA"
"897","Hill 88 Double IPA",77,0.088," CA"
"898","Longhop IPA",30,0.042," NJ"
"899","Lucky Buck",34,0.04," NJ"
"900","Thrasher Session India Pale Ale",44,0.045," KS"
"901","Gutch English Style Mild Ale",16,0.05," KS"
"902","Hop Freak",80,0.087," WI"
"903","Louie's Demise Amber Ale",24,0.051," WI"
"904","Hop Happy",51,0.075," WI"
"905","Booyah Farmhouse Ale",20,0.065," WI"
"906","Flaming Damsel Lager (2010)",18,0.048," WI"
"907","Louie’s Demise Immort-Ale (2010)",24,0.051," WI"
"908","Whitecap Wit",16,0.048," OH"
"909","Seiche Scottish Ale",16,0.078," OH"
"910","Naked Pig Pale Ale",43,0.06," AL"
"911","El Chingon IPA",73,0.076," TX"
"912","Block Party Robust Porter",40,0.057," TX"
"913","Local Buzz",20,0.052," TX"
"914","Saint Archer White Ale",15,0.05," CA"
"915","Saint Archer IPA",66,0.068," CA"
"916","Saint Archer Pale Ale",40,0.052," CA"
"917","Saint Archer Blonde",22,0.048," CA"
"918","Supergoose IPA",67,0.069," WA"
"919","IPA & a Half",87,0.073," CO"
"920","Ornery Amber Lager (2003)",33,0.055," CO"
"921","On the Count of 3 (2015)",42,0.07," ME"
"922","Amber Road",35,0.055," ME"
"923","Pamola Xtra Pale Ale",28,0.049," ME"
"924","Stowaway IPA",69,0.069," ME"
"925","American India Red Ale",83,0.071," CO"
"926","American Red Porter",45,0.071," CO"
"927","American Red Saison",34,0.078," CO"
"928","Colorado Red Ale",44,0.066," CO"
"929","Wachusett Light IPA",37,0.04," MA"
"930","Green Monsta IPA",55,0.06," MA"
"931","Wachusett IPA",50,0.056," MA"
"932","Larry Imperial IPA",85,0.085," MA"
"933","Country Pale Ale",17,0.051," MA"
"934","Wachusett Light IPA (2013)",37,0.04," MA"
"935","Pumpkan",20,0.052," MA"
"936","Wachusett Blueberry Ale",10,0.045," MA"
"937","Green Monsta IPA",55,0.06," MA"
"938","Hefe Lemon",30,0.049," OR"
"939","Hefe Black",30,0.049," OR"
"940","Widmer Brothers Hefeweizen",30,0.049," OR"
"941","Provision",25,0.042," PA"
"942","One Nut Brown",28,0.047," PA"
"943","Hop Farm IPA",45,0.058," PA"
"944","Adam's Stout",40,0.058," PA"
"945","American Hero",42,0.057," PA"
"946","Schweet Ale",20,0.052," PA"
"947","Irregardless IPA",75,0.065," PA"
"948","Our Legacy IPA",60,0.065," NY"
"949","Our Legacy IPA",60,0.065," NY"
"950","Blueberry Blonde Ale",12,0.05," NY"
"951","Porch Rocker",8,0.045," MA"
"952","Rebel IPA",45,0.065," MA"
"953","Boston Lager",30,0.049," MA"
"954","Boston Lager",30,0.049," MA"
"955","Samuel Adams Octoberfest",15,0.053," MA"
"956","Samuel Adams Summer Ale",7,0.053," MA"
"957","Boston Lager",30,0.049," MA"
"958","Falling Down Brown Ale",65,0.065," PA"
"959","Old Forge Pumpkin Ale",20,0.046," PA"
"960","Squatters Hop Rising Double IPA",75,0.09," UT"
"961","Squatters Hop Rising Double IPA (2014)",75,0.09," UT"
"962","#9",20,0.051," VT"
"963","Elder Betty",13,0.055," VT"
"964","#9",20,0.051," VT"
"965","Quarter Mile Double IPA",80,0.08," MA"
"966","Hoptopus Double IPA",108,0.088," VA"
"967","Rodeo Rye Pale Ale",35,0.042," ID"
"968","Outlaw IPA",65,0.062," ID"
"969","Payette Pale Ale",35,0.048," ID"
"970","Mutton Buster",25,0.055," ID"
"971","Last Stop IPA",60,0.072," FL"
"972","Rollin Dirty Red Ale",21,0.05," FL"
"973","Are Wheat There Yet?",28,0.055," FL"
"974","Dagger Falls IPA",100,0.063," ID"
"975","Dagger Falls IPA",100,0.063," ID"
"976","Old Devil's Tooth",100,0.099," ID"
"977","Hell-Diver Pale Ale",32,0.052," ID"
"978","Woolybugger Wheat",12,0.046," ID"
"979","Winterfest",90,0.084," ID"
"980","Dagger Falls IPA",100,0.063," ID"
"981","Filthy Hoppin' IPA",72,0.065," WA"
"982","Thunder Ann",37,0.055," TN"
"983","Iron Butt Red Ale",39,0.058," ID"
"984","Initial Point India Pale Ale",92,0.071," ID"
"985","Hot Date Ale",20,0.06," MO"
"986","Sweet Potato Ale",24,0.06," MO"
"987","Float Trip Ale",18,0.045," MO"
"988","Old Tom Porter",25,0.055," MO"
"989","Black Walnut Wheat",18,0.045," MO"
"990","McKinney Eddy Amber Ale",20,0.055," MO"
"991","Missouri Mule India Pale Ale",70,0.07," MO"
"992","Banner American Rye",20,0.045," MA"
"993","Banner American Ale",45,0.035," MA"
"994","Jacaranada Rye IPA",60,0.067," CA"
"995","Lil SIPA",55,0.05," OH"
"996","Hop Bomber Rye Pale Ale",60,0.055," OH"
"997","Voodoo Love Child",25,0.092," PA"
"998","White Magick of the Sun",23,0.079," PA"
"999","Wynona's Big Brown Ale",31,0.075," PA"
"1000","Gran Met",25,0.092," PA"
"1001","Good Vibes IPA",85,0.073," PA"
"1002","Pilzilla",85,0.075," PA"
"1003","GreyBeard™ IPA",51,0.069," NC"
"1004","Pisgah Pale Ale",31,0.057," NC"
"1005","When Helles Freezes Over",18,0.056," MO"
"1006","Morgan Street Oktoberfest",24,0.049," MO"
"1007","Honey Wheat",14,0.047," MO"
"1008","Black Bear Dark Lager",24,0.046," MO"
"1009","Golden Pilsner",35,0.05," MO"
"1010","Just IPA",45,0.046," VT"
"1011","Bronx Summer Pale Ale",16,0.052," NY"
"1012","Bronx Black Pale Ale",46,0.057," NY"
"1013","Bronx Pale Ale",50,0.063," NY"
"1014","Dead Armadillo Amber Ale",37,0.063," OK"
"1015","A Slice of Hefen",15,0.054," NM"
"1016","Elevated IPA",100,0.072," NM"
"1017","Iron Horse Pale Ale",32,0.05," ND"
"1018","Stone's Throw IPA",19,0.045," ND"
"1019","Wood Chipper India Pale Ale",70,0.067," ND"
"1020","Big Sky IPA",65,0.062," MT"
"1021","Scape Goat Pale Ale",40,0.05," MT"
"1022","Montana Trout Slayer Ale",35,0.05," MT"
"1023","Moose Drool Brown Ale",26,0.051," MT"
"1024","Powder Hound Winter Ale",60,0.072," MT"
"1025","Moose Drool Brown Ale (2011)",26,0.051," MT"
"1026","Montana Trout Slayer Ale (2012)",35,0.05," MT"
"1027","Big Sky IPA (2012)",65,0.062," MT"
"1028","Scape Goat Pale Ale (2010)",40,0.05," MT"
"1029","Montana Trout Slayer Ale (2009)",35,0.05," MT"
"1030","Moose Drool Brown Ale (2009)",26,0.051," MT"
"1031","Wick For Brains",11,0.061," NE"
"1032","Nebraska India Pale Ale",65,0.065," NE"
"1033","EOS Hefeweizen",10,0.048," NE"
"1034","Brunette Nut Brown Ale",15,0.048," NE"
"1035","Cardinal Pale Ale",29,0.057," NE"
"1036","Be Hoppy IPA",69,0.065," MA"
"1037","Category 3 IPA",64,0.061," FL"
"1038","KelSo Nut Brown Lager",19,0.057," NY"
"1039","KelSo India Pale Ale",64,0.06," NY"
"1040","KelSo Pilsner",23,0.055," NY"
"1041","The Great Return",70,0.075," VA"
"1042","Hardywood Cream Ale",18,0.044," VA"
"1043","Capital Trail Pale Ale",55,0.056," VA"
"1044","Troopers Alley IPA",135,0.059," VA"
"1045","Madra Allta",95,0.064," PA"
"1046","Duluchan India Pale Ale",70,0.056," PA"
"1047","Chaotic Double IPA",93,0.099," CA"
"1048","Manzanita IPA",88,0.08," CA"
"1049","Riverwalk Blonde Ale",25,0.06," CA"
"1050","Gillespie Brown Ale",49,0.095," CA"
"1051","Manzanita Pale Ale",44,0.066," CA"
"1052","Chai Ale",15,0.051," CA"
"1053","Lucky Day IPA",85,0.072," CA"
"1054","Terrace Hill Double IPA",99,0.095," CA"
"1055","Catch 23",77,0.075," CA"
"1056","Westfield Octoberfest",22,0.057," MA"
"1057","Charlie in the Rye",55,0.058," MA"
"1058","Elephant Rock IPA",75,0.07," CO"
"1059","Belgian Style Session Ale",21,0.045," PA"
"1060","Summer Paradise",18,0.05," PA"
"1061","Monk from the 'Yunk",30,0.09," PA"
"1062","Schuylkill Punch",14,0.06," PA"
"1063","Dreamin' Double IPA",85,0.085," PA"
"1064","Jam Session",31,0.051," NC"
"1065","Hop Drop 'N Roll IPA",80,0.072," NC"
"1066","Pumpkin Beast",17,0.062," NC"
"1067","OktoberBeast",22,0.072," NC"
"1068","Mad Beach",23,0.048," NC"
"1069","Devils Tramping Ground Tripel",5,0.092," NC"
"1070","Hot Rod Red",41,0.061," NC"
"1071","Hop Slayer Double IPA",100,0.082," IL"
"1072","Phat Chance",27,0.052," IL"
"1073","Hop Slayer Double IPA (2011)",100,0.082," IL"
"1074","Hop Slayer Double IPA (2011)",100,0.082," IL"
"1075","Wild Onion Summer Wit",13,0.042," IL"
"1076","Jack Stout",23,0.06," IL"
"1077","Paddy Pale Ale",41,0.056," IL"
"1078","The 12th Can™",32,0.045," WA"
"1079","Hilliard's Pils",34,0.055," WA"
"1080","Hilliard's Blonde",20,0.049," WA"
"1081","Hilliard's Amber Ale",60,0.055," WA"
"1082","Hilliard's Saison",30,0.066," WA"
"1083","Chickawawa Lemonale",5,0.05," IA"
"1084","Barrel Aged Farmer",22,0.07," IA"
"1085","Dos Pistolas",20,0.048," IA"
"1086","Owney Irish Style Red Ale",30,0.05," IA"
"1087","Widespread Wit",10,0.055," IA"
"1088","Roller Dam Red Ale",30,0.054," IA"
"1089","483 Pale Ale",48,0.053," IA"
"1090","Hop A Potamus Double Dark Rye Pale Ale",99,0.09," IA"
"1091","Farmer Brown Ale",22,0.07," IA"
"1092","Big Cock IPA",70,0.07," IA"
"1093","Oktoberfest",25,0.059," IA"
"1094","40th Annual Bix Street Fest Copper Ale (Current)",25,0.048," IA"
"1095","Redband Stout",36,0.06," IA"
"1096","483 Pale Ale (2010)",48,0.053," IA"
"1097","Roller Dam Red Ale (2010)",30,0.054," IA"
"1098","Mustang Golden Ale",10,0.053," OK"
"1099","Washita Wheat",14,0.053," OK"
"1100","Maylani's Coconut Stout",35,0.053," WA"
"1101","Oatmeal PSA",35,0.05," WA"
"1102","Pre Flight Pilsner",33,0.052," WA"
"1103","Lower De Boom",92,0.099," CA"
"1104","Fireside Chat",45,0.079," CA"
"1105","Bitter American",42,0.044," CA"
"1106","Hell or High Watermelon Wheat (2009)",17,0.049," CA"
"1107","Hell or High Watermelon Wheat (2009)",17,0.049," CA"
"1108","21st Amendment Watermelon Wheat Beer (2006)",17,0.049," CA"
"1109","21st Amendment IPA (2006)",70,0.07," CA"
"1110","Brew Free! or Die IPA (2008)",70,0.07," CA"
"1111","Brew Free! or Die IPA (2009)",70,0.07," CA"
"1112","Special Edition: Allies Win The War!",52,0.085," CA"
"1113","Hop Crisis",94,0.097," CA"
"1114","Bitter American (2011)",42,0.044," CA"
"1115","Fireside Chat (2010)",45,0.079," CA"
"1116","Back in Black",65,0.068," CA"
"1117","Monk's Blood",35,0.083," CA"
"1118","Brew Free! or Die IPA",65,0.07," CA"
"1119","Hell or High Watermelon Wheat",17,0.049," CA"
"1120","Crank Yanker IPA",74,0.078," CO"
"1121","Crank Yanker IPA (2011)",74,0.078," CO"
"1122","Sly Fox Christmas Ale 2013",16,0.055," PA"
"1123","Grisette",25,0.056," PA"
"1124","Helles Golden Lager",18,0.049," PA"
"1125","Sly Fox Christmas Ale 2012 (2012)",16,0.055," PA"
"1126","Odyssey Imperial IPA",90,0.084," PA"
"1127","Oktoberfest Lager",25,0.058," PA"
"1128","113 IPA",113,0.07," PA"
"1129","Dunkel Lager",21,0.053," PA"
"1130","Royal Weisse Ale",11,0.056," PA"
"1131","Pikeland Pils",44,0.049," PA"
"1132","Phoenix Pale Ale",40,0.051," PA"
"1133","Trolley Stop Stout",40,0.057," OR"
"1134","Bitter Bitch Imperial IPA",138,0.082," OR"
"1135","Poop Deck Porter",35,0.062," OR"
"1136","Old Red Beard Amber Ale",35,0.06," OR"
"1137","Lahaina Town Brown",20,0.051," HI"
"1138","Sobrehumano Palena'ole",24,0.06," HI"
"1139","La Perouse White",12,0.05," HI"
"1140","Flyin' HI.P.Hay",68,0.068," HI"
"1141","Mana Wheat",15,0.055," HI"
"1142","Bikini Blonde Lager",18,0.045," HI"
"1143","CoCoNut Porter",30,0.057," HI"
"1144","Big Swell IPA",65,0.062," HI"
"1145","12th Round",78,0.076," OK"
"1146","RoughTail IPA",80,0.07," OK"
"1147","Slow Hand Stout",29,0.052," WI"
"1148","Flying Jenny Extra Pale Ale",54,0.06," RI"
"1149","Hazy Day Belgian-Style Wit",20,0.04," RI"
"1150","Leaning Chimney Smoked Porter",34,0.06," RI"
"1151","Flying Jenny Extra Pale Ale (2012)",54,0.06," RI"
"1152","Flagship Ale",22,0.049," RI"
"1153","1327 Pod's ESB",37,0.056," NE"
"1154","1327 Pod's ESB",37,0.056," NE"
"1155","1327 Pod's ESB",37,0.056," NE"
"1156","834 Happy As Ale",35,0.046," NE"
"1157","Full Nelson Pale Ale",60,0.059," VA"
"1158","Steel Wheels ESB",30,0.065," VA"
"1159","Blue Mountain Classic Lager",22,0.053," VA"
"1160","Full Nelson Pale Ale (2010)",60,0.059," VA"
"1161","Starr Pils",20,0.042," VA"
"1162","Northern Lights India Pale Ale",52,0.065," VA"
"1163","Festie",12,0.048," VA"
"1164","Northern Lights India Pale Ale",52,0.065," VA"
"1165","Westbrook Gose",5,0.04," SC"
"1166","White Thai",16,0.05," SC"
"1167","Westbrook IPA",65,0.068," SC"
"1168","Monkey Fist IPA",65,0.069," ME"
"1169","Old Grogham Imperial India Pale Ale",86,0.085," OR"
"1170","Old Grogham Imperial India Pale Ale (2012)",86,0.085," OR"
"1171","G'KNIGHT",85,0.087," NC"
"1172","Ten Fidy",98,0.099," NC"
"1173","Deviant Dale's IPA",85,0.08," NC"
"1174","Old Chub",35,0.08," NC"
"1175","Dale's Pale Ale",65,0.065," NC"
"1176","Dale's Pale Ale",65,0.065," NC"
"1177","Agave Wheat",9,0.042," CO"
"1178","SummerBright Ale",15,0.045," CO"
"1179","Lucky U IPA",68,0.062," CO"
"1180","Avalanche Ale",19,0.054," CO"
"1181","Saison 88",30,0.055," NM"
"1182","Black IPA",95,0.071," NM"
"1183","Shark Bait",11,0.053," FL"
"1184","Gator Tail Brown Ale",30,0.053," FL"
"1185","Miami Vice IPA",62,0.071," FL"
"1186","Big Rod Coconut Ale",16,0.053," FL"
"1187","Alteration",40,0.051," TX"
"1188","Pale Dog",50,0.06," TX"
"1189","1881 California Red",35,0.056," CA"
"1190","CAPT Black IPA",55,0.073," CA"
"1191","Ruhstaller's Gilt Edge Lager Beer",42,0.048," CA"
"1192","CAPT Black IPA",55,0.073," CA"
"1193","1881 California Red Ale",35,0.056," CA"
"1194","Oval Beach Blonde Ale",11,0.05," MI"
"1195","Desolation IPA",43,0.062," WA"
"1196","Wolverine Premium Lager",15,0.047," MI"
"1197","Sudice American Stout",58,0.07," CO"
"1198","Parcae Belgian Style Pale Ale",20,0.05," CO"
"1199","Norns Roggenbier",20,0.05," CO"
"1200","Laimas Kölsch Style Ale",20,0.05," CO"
"1201","Moirai India Pale Ale",70,0.07," CO"
"1202","Weiss Trash Culture",6,0.034," CT"
"1203","Gandhi-Bot Double IPA (12 oz.)",85,0.088," CT"
"1204","Gandhi-Bot Double IPA (16 oz.) (2010)",85,0.088," CT"
"1205","Sand Island Lighthouse",25,0.051," AL"
"1206","Lily Flagg Milk Stout",30,0.05," AL"
"1207","Monkeynaut IPA",70,0.072," AL"
"1208","Kölsch 151",16,0.049," VA"
"1209","Tybee Island Blonde",17,0.047," GA"
"1210","Savannah Brown Ale",55,0.062," GA"
"1211","Hazed & Infused",35,0.049," CO"
"1212","Hoopla Pale Ale",35,0.057," CO"
"1213","Hazed & Infused (2010)",35,0.049," CO"
"1214","Cascadian Dark Ale",75,0.06," OR"
"1215","Wheat the People",13,0.044," OR"
"1216","Sanitas Saison Ale",20,0.058," CO"
"1217","Sanitas Black IPA",65,0.068," CO"
"1218","Beaver Logger",19,0.052," CO"
"1219","Grazias",30,0.063," CA"
"1220","Habitus IPA",86,0.08," CA"
"1221","Ex Umbris Rye Imperial Stout",85,0.099," CA"
"1222","Belgorado",45,0.067," CO"
"1223","Silverback Pale Ale",40,0.055," CO"
"1224","Quakertown Stout",50,0.092," TX"
"1225","Greenbelt Farmhouse Ale",20,0.051," TX"
"1226","Schlafly Yakima Wheat Ale",45,0.05," MO"
"1227","Schlafly IPA",30,0.045," MO"
"1228","Schlafly American Brown Ale",30,0.05," MO"
"1229","Schlafly Hefeweizen",16,0.041," MO"
"1230","Schlafly Summer Lager",17,0.045," MO"
"1231","Green Bullet Organic India Pale Ale",45,0.07," CO"
"1232","Face Plant IPA",65,0.062," VA"
"1233","Rhino Chasers Pilsner",55,0.056," VA"
"1234","Blur India Pale Ale",60,0.074," CA"
"1235","Gateway Kolsch Style Ale",32,0.053," NC"
"1236","Wee-Heavy-Er Scotch Ale",24,0.07," NC"
"1237","13 Rebels ESB",42,0.052," NC"
"1238","Na Zdraví Pilsner",32,0.048," OR"
"1239","Nice Rack IPA",65,0.055," OR"
"1240","East India Pale Ale",47,0.068," NY"
"1241","East India Pale Ale",47,0.068," NY"
"1242","Longboard Island Lager",18,0.046," HI"
"1243","Longboard Island Lager",18,0.046," HI"
"1244","Longboard Island Lager",18,0.046," HI"
"1245","Longboard Island Lager",18,0.046," HI"
"1246","Rustic Red",23,0.052," CO"
"1247","Stimulator Pale Ale",48,0.053," CO"
"1248","Old Town Ale",22,0.045," CO"
"1249","Car 21",28,0.044," CO"
"1250","Cache La Porter",24,0.05," CO"
"1251","5 Day IPA",66,0.061," MO"
"1252","O'Fallon Wheach",7,0.051," MO"
"1253","Jack Pine Savage",43,0.053," MN"
"1254","Forest Fire Imperial Smoked Rye",85,0.099," MN"
"1255","Bad Axe Imperial IPA",76,0.098," MN"
"1256","Morning Wood",35,0.055," MN"
"1257","Bark Bite IPA",50,0.066," MN"
"1258","Big Nose",50,0.073," FL"
"1259","Cotton Mouth",10,0.05," FL"
"1260","Stump Knocker Pale Ale",35,0.056," FL"
"1261","Midnight Oil",38,0.05," FL"
"1262","Wild Night",18,0.059," FL"
"1263","Pit Stop Chocolate Porter",34,0.037," CA"
"1264","Pace Setter Belgian Style Wit",21,0.037," CA"
"1265","Back in the Saddle Rye Pale Ale",53,0.037," CA"
"1266","Dodgy Knight Imperial IPA",95,0.08," CA"
"1267","TailGate IPA",44,0.05," CA"
"1268","TailGate IPA",44,0.05," CA"
"1269","TailGate Hefeweizen",28,0.049," CA"
"1270","Blacktop Blonde",19,0.05," CA"
"1271","Blacktop Blonde",19,0.05," CA"
"1272","TailGate Hefeweizen",28,0.049," CA"
"1273","Three Skulls Ale Pale Ale",42,0.063," WA"
"1274","Chuli Stout",55,0.059," AK"
"1275","Mother Ale",46,0.056," AK"
"1276","Twister Creek India Pale Ale",71,0.065," AK"
"1277","Single Engine Red",46,0.058," AK"
"1278","Mirror Pond Pale Ale",40,0.05," OR"
"1279","Bomber Mountain Amber Ale (2013)",20,0.046," WY"
"1280","Indian Paintbrush IPA",75,0.07," WY"
"1281","Saddle Bronc Brown Ale (2013)",16,0.048," WY"
"1282","Wagon Box Wheat Beer",15,0.059," WY"
"1283","Peninsula Brewers Reserve (PBR)",15,0.05," AK"
"1284","Harvest Ale",35,0.065," WA"
"1285","Fremont Summer Ale",45,0.065," WA"
"1286","Universale Pale Ale",30,0.056," WA"
"1287","Interurban IPA",80,0.065," WA"
"1288","Mo's Gose",10,0.052," CA"
"1289","Colorado Native",26,0.055," CO"
"1290","Colorado Native (2011)",26,0.055," CO"
"1291","Descender IPA",70,0.07," OR"
"1292","Sweet As Pacific Ale",18,0.06," OR"
"1293","Pablo Beach Pale Ale",30,0.05," FL"
"1294","RecreationAle",42,0.047," GA"
"1295","The Hole in Hadrian's Wall",19,0.095," IA"
"1296","33 Select Brown Ale",26,0.065," IA"
"1297","Midwest Charm Farmhouse Ale",29,0.06," IA"
"1298","Boji Blue Pale Ale",45,0.05," IA"
"1299","Winter Games Select #32 Stout",26,0.057," IA"
"1300","Boji Beach Golden Rye Ale",23,0.05," IA"
"1301","South Ridge Amber Ale",31,0.06," CO"
"1302","Summertime Ale",23,0.052," CO"
"1303","Watership Brown Ale",55,0.072," GA"
"1304","Gangway IPA",55,0.062," GA"
"1305","Orange Wheat",17,0.046," CA"
"1306","Hangar 24 Helles Lager",14,0.043," CA"
"1307","Good People Pale Ale",36,0.056," AL"
"1308","Snake Handler Double IPA",103,0.093," AL"
"1309","Coffee Oatmeal Stout",54,0.06," AL"
"1310","Good People IPA",64,0.06," AL"
"1311","Good People American Brown Ale",36,0.058," AL"
"1312","Loose Cannon",45,0.072," MD"
"1313","AARGHtoberfest!",30,0.06," MD"
"1314","Rude Parrot IPA",75,0.059," WA"
"1315","British Pale Ale (2010)",30,0.054," WA"
"1316","British Pale Ale",30,0.054," WA"
"1317","Ballz Deep Double IPA",82,0.084," WA"
"1318","Des Moines IPA",75,0.068," IA"
"1319","Capital Gold Golden Lager",22,0.048," IA"
"1320","Farmer John's Multi-Grain Ale",21,0.056," IA"
"1321","Topcutter India Pale Ale",70,0.068," WA"
"1322","Field 41 Pale Ale",38,0.044," WA"
"1323","Mac's Scottish Style Amber Ale (2000)",32,0.051," OR"
"1324","Wisco Disco",31,0.051," WI"
"1325","Long Hammer IPA",44,0.065," WA"
"1326","Long Hammer IPA",44,0.065," WA"
"1327","Copper Hook (2011)",27,0.058," WA"
"1328","Blue Point White IPA",40,0.06," NY"
"1329","Blue Point Summer Ale",16,0.044," NY"
"1330","Toasted Lager",28,0.055," NY"
"1331","Old Elephant Foot IPA",80,0.07," FL"
"1332","Deadicated Amber",27,0.054," CA"
"1333","California Sunshine Rye IPA",85,0.071," CA"
"1334","Full Boar Scotch Ale",12,0.074," CA"
"1335","Northern Lights Amber Ale",15,0.05," AK"
"1336","Polar Pale Ale",17,0.052," AK"
"1337","Fairweather IPA",64,0.061," AK"
"1338","Frankenlou's IPA",105,0.07," OR"
"1339","Becky's Black Cat Porter",55,0.07," OR"
"1340","Hop Abomination",100,0.066," CO"
"1341","Apricot Blonde",17,0.051," CO"
"1342","Dry Dock Hefeweizen",12,0.043," CO"
"1343","Dry Dock Amber Ale",49,0.058," CO"
"1344","Special Amber",22,0.05," WI"
"1345","Special Amber",22,0.05," WI"
"1346","Tonganoxie Honey Wheat",22,0.044," KS"
"1347","Gordon (2005)",85,0.092," CO"
"1348","Ten Fidy Imperial Stout (2008)",98,0.095," CO"
"1349","Ten Fidy Imperial Stout (2007)",98,0.099," CO"
"1350","Old Chub (2008)",35,0.08," CO"
"1351","Old Chub (2004)",35,0.08," CO"
"1352","Old Chub (2003)",35,0.08," CO"
"1353","Dale's Pale Ale (2008)",65,0.065," CO"
"1354","Dale's Pale Ale (2006)",65,0.065," CO"
"1355","Dale's Pale Ale (2004)",65,0.065," CO"
"1356","Dale's Pale Ale (2003)",65,0.065," CO"
"1357","Dale's Pale Ale (2002)",65,0.065," CO"
"1358","Gordon Beer (2006)",60,0.087," CO"
"1359","Choc Beer (2003)",9,0.04," OK"
"1360","Ace IPA",83,0.074," WA"
"1361","P-51 Porter",31,0.08," WA"
"1362","Cold Smoke Scotch Ale (2007)",11,0.065," MT"
"1363","Double Haul IPA (2009)",65,0.065," MT"
"1364","Double Haul IPA (2006)",65,0.065," MT"
"1365","Eddy Out Pale Ale",50,0.055," MT"
"1366","Double Haul IPA",65,0.065," MT"
"1367","Cold Smoke Scotch Ale",11,0.065," MT"
"1368","Crabtree Oatmeal Stout",29,0.075," CO"
"1369","Eclipse Black IPA",71,0.077," CO"
"1370","Dottie Seattle Lager",25,0.049," WA"
"1371","Mucho Aloha Hawaiian Pale Ale",36,0.056," CA"
"1372","Big River Pilsner",32,0.05," TN"
"1373","House Brand IPA",55,0.06," TN"
"1374","Hoppy Boy",65,0.062," CO"
"1375","Snake Dog IPA",60,0.071," MD"
"1376","Underdog Atlantic Lager",28,0.047," MD"
"1377","This Season's Blonde",27,0.056," CO"
"1378","Independence Pass Ale",67,0.07," CO"
"1379","Bomb Lager (Old Recipe)",27,0.045," NY"
"1380","Churchkey Pilsner Style Beer",29,0.049," WA"
"1381","Jon Boat Coastal Ale",20,0.045," FL"
"1382","I-10 IPA",55,0.068," FL"
"1383","People's Pale Ale",28,0.053," FL"
"1384","Rocket Girl",27,0.032," NC"
"1385","Ninja Porter",26,0.053," NC"
"1386","Shiva IPA",69,0.06," NC"
"1387","Black Adder IBA (Current)",85,0.073," NV"
"1388","Tule Duck Red Ale (Current)",42,0.062," NV"
"1389","Original Orange Blossom Ale (Current)",35,0.058," NV"
"1390","Black Noddy Lager (Current)",40,0.052," NV"
"1391","Jockamo IPA",52,0.065," LA"
"1392","Purple Haze",13,0.042," LA"
"1393","Abita Amber",17,0.045," LA"
"1394","Dundee Summer Wheat Beer",18,0.045," NY"
"1395","Greenville Pale Ale",52,0.055," DE"
"1396","Sky High Rye",55,0.06," MI"
"1397","Whitsun",17,0.062," MI"
"1398","Black Star Double Hopped Golden Lager (24 oz.)",15,0.045," MT"
"1399","Black Star Double Hopped Golden Lager (12 oz.)",15,0.045," MT"
"1400","Pyramid Hefeweizen (2011)",18,0.052," WA"
"1401","Haywire Hefeweizen (2010)",18,0.052," WA"
"1402","Rumspringa Golden Bock",30,0.066," PA"
"1403","Lancaster German Style Kölsch",28,0.048," PA"
"1404","Common Sense Kentucky Common Ale",22,0.053," NY"
"1405","Upstate I.P.W.",70,0.065," NY"
